[
  {
    "src": "images/caution.jpg",
    "alt": "小心地滑",
    "caption": {
      "en": "Caution: Slippery",
      "zh-HK": "小心地滑",
      "zh-TW": "小心地滑"
    },
    "date": "2024.07.29",
    "camera": ""
  },
  {
    "src": "images/turnfail.jpg",
    "alt": "轉彎失敗",
    "caption": {
      "en": "Fail Turn",
      "zh-HK": "轉彎失敗",
      "zh-TW": "轉彎失敗"
    },
    "date": "2024.12.15",
    "camera": ""
  },
  {
    "src": "images/wtslungst.jpg",
    "alt": "黃大仙",
    "caption": {
      "en": "Lung Cheung Road",
      "zh-HK": "龍翔道",
      "zh-TW": "龍翔道"
    },
    "date": "2024.11.08",
    "camera": ""
  },
  {
    "src": "images/plane1.jpg",
    "alt": "飛機",
    "caption": {
      "en": "Plane@HK",
      "zh-HK": "飛機",
      "zh-TW": "飛機"
    },
    "date": "2024.10.22",
    "camera": ""
  }
]
